City_ID,City,Lat,Lng,Max Temp,Humidity,Cloudiness,Wind Speed,Country,Date
0,bredasdorp,-34.5322,20.0403,57.811999999999955,75,78,10.56,ZA,2023-06-12 21:44:05
1,ternate,0.8,127.4,80.20399999999995,85,79,2.78,ID,2023-06-12 21:45:38
2,saipan,15.1355,145.701,88.77200000000005,100,40,5.66,MP,2023-06-12 21:42:49
3,ribeira grande,38.5167,-28.7,67.04600000000005,97,10,0.45,PT,2023-06-12 21:44:04
4,lorengau,-2.0226,147.2712,85.73000000000005,74,62,4.72,PG,2023-06-12 21:45:38
5,karachi,24.9056,67.0822,89.69000000000003,51,75,7.2,PK,2023-06-12 21:40:40
6,port-aux-francais,-49.35,70.2167,43.358000000000004,88,100,13.91,TF,2023-06-12 21:43:59
7,iqaluit,63.7506,-68.5145,33.8,69,75,4.63,CA,2023-06-12 21:44:00
8,edinburgh of the seven seas,-37.0676,-12.3116,59.46799999999999,90,100,8.33,SH,2023-06-12 21:44:00
9,touros,-5.1989,-35.4608,75.59600000000006,89,4,4.53,BR,2023-06-12 21:44:28
10,grytviken,-54.2811,-36.5092,26.78000000000004,85,95,4.25,GS,2023-06-12 21:43:56
11,papatowai,-46.5619,169.4708,52.82599999999999,80,27,2.29,NZ,2023-06-12 21:44:01
12,adamstown,-25.066,-130.1015,69.22400000000002,62,38,3.01,PN,2023-06-12 21:43:56
13,vorgashor,67.5833,63.95,47.08399999999999,53,100,5.75,RU,2023-06-12 21:42:14
14,west island,-12.1568,96.8225,80.85199999999998,83,40,8.47,CC,2023-06-12 21:42:12
15,kayangel,8.0823,134.7173,81.96799999999999,78,64,4.03,PW,2023-06-12 21:45:39
16,avarua,-21.2078,-159.775,79.12400000000002,83,20,7.72,CK,2023-06-12 21:45:38
17,la tijera,19.9,-104.4,64.47200000000004,83,76,1.24,MX,2023-06-12 21:45:39
18,beyneu,45.3167,55.2,82.976,17,8,4.59,KZ,2023-06-12 21:44:41
19,petropavlovsk-kamchatsky,53.0452,158.6483,72.46400000000003,38,0,6.0,RU,2023-06-12 21:45:25
20,port elizabeth,-33.918,25.5701,55.958000000000006,65,0,3.6,ZA,2023-06-12 21:45:29
21,mogadishu,2.0371,45.3438,79.10600000000002,86,26,6.92,SO,2023-06-12 21:45:40
22,waitangi,-43.9535,-176.5597,52.08800000000005,89,94,1.34,NZ,2023-06-12 21:44:01
23,saldanha,-33.0117,17.9442,55.72400000000002,83,100,7.95,ZA,2023-06-12 21:45:40
24,kibre mengist,5.8833,38.9833,56.317999999999984,98,95,1.22,ET,2023-06-12 21:45:40
25,camana,-16.6228,-72.7111,64.41799999999998,81,91,4.7,PE,2023-06-12 21:45:40
26,st. john's,47.5649,-52.7093,47.04800000000002,95,100,7.2,CA,2023-06-12 21:45:40
27,sandnessjoen,66.0217,12.6316,47.19199999999999,96,43,1.34,NO,2023-06-12 21:45:40
28,stanley,54.868,-1.6985,53.977999999999966,94,100,0.51,GB,2023-06-12 21:44:05
29,santiago de cao,-7.9589,-79.2392,71.99600000000005,83,75,4.63,PE,2023-06-12 21:45:41
30,puerto ayora,-0.7393,-90.3518,79.826,93,76,4.47,EC,2023-06-12 21:42:15
31,waingapu,-9.6567,120.2641,83.65999999999998,54,43,7.24,ID,2023-06-12 21:44:00
32,nadi,-17.8,177.4167,82.66999999999996,69,40,5.14,FJ,2023-06-12 21:45:41
33,tiksi,71.6872,128.8694,37.23800000000004,96,100,3.1,RU,2023-06-12 21:43:59
34,wailua homesteads,22.0669,-159.378,81.30199999999998,80,20,6.69,US,2023-06-12 21:44:09
35,port saint john's,-31.6229,29.5448,58.55,66,79,2.75,ZA,2023-06-12 21:44:28
36,sao joao da barra,-21.6403,-41.0511,73.04000000000002,88,75,2.77,BR,2023-06-12 21:45:41
37,sipalay,9.75,122.5,88.142,64,100,3.05,PH,2023-06-12 21:45:42
38,gaoyou,32.7858,119.4278,78.29600000000005,52,100,1.19,CN,2023-06-12 21:45:42
39,albany,42.6001,-73.9662,69.18800000000005,78,100,1.34,US,2023-06-12 21:41:50
40,bethel,41.3712,-73.414,67.29800000000003,89,100,2.06,US,2023-06-12 21:44:04
41,puerto natales,-51.7236,-72.4875,35.81600000000001,94,100,1.88,CL,2023-06-12 21:44:05
42,shimoda,34.6667,138.95,79.37599999999999,86,86,3.14,JP,2023-06-12 21:45:42
43,lihue,21.9789,-159.3672,81.91400000000004,74,20,6.69,US,2023-06-12 21:44:01
44,yellowknife,62.456,-114.3525,45.391999999999996,70,75,3.09,CA,2023-06-12 21:40:49
45,talnakh,69.4865,88.3972,51.69199999999999,62,89,2.4,RU,2023-06-12 21:44:16
46,gadzhiyevo,69.2551,33.3362,49.55,65,98,6.94,RU,2023-06-12 21:44:18
47,kalifornsky,60.4183,-151.29,48.811999999999955,69,75,3.6,US,2023-06-12 21:45:43
48,kailua-kona,19.6406,-155.9956,82.63399999999999,83,40,4.63,US,2023-06-12 21:45:43
49,chayan,43.0297,69.3772,83.94800000000004,14,98,5.91,KZ,2023-06-12 21:45:43
50,morehead city,34.7229,-76.726,76.28000000000004,90,75,6.17,US,2023-06-12 21:45:36
51,jianshui,23.6363,102.8264,70.66400000000004,86,100,1.87,CN,2023-06-12 21:45:43
52,iraucuba,-3.7461,-39.7833,72.55399999999995,91,0,1.65,BR,2023-06-12 21:45:43
53,iskateley,67.6803,53.1512,49.55,56,79,4.15,RU,2023-06-12 21:45:43
54,castillos,-34.1667,-53.8333,48.79399999999997,66,98,1.76,UY,2023-06-12 21:44:28
55,jamestown,42.097,-79.2353,57.056000000000026,79,100,4.12,US,2023-06-12 21:41:29
56,thompson,55.7435,-97.8558,46.832000000000015,81,100,5.14,CA,2023-06-12 21:45:35
57,dul'durga,50.6761,113.5931,87.90800000000002,21,28,3.36,RU,2023-06-12 21:52:32
58,san patricio,28.017,-97.5169,83.11999999999996,86,54,5.99,US,2023-06-12 21:45:29
59,arkhangel'sk,64.5401,40.5433,61.898000000000025,53,87,4.89,RU,2023-06-12 21:44:31
60,robore,-18.3333,-59.75,46.09399999999997,95,100,2.81,BO,2023-06-12 21:46:58
61,invercargill,-46.4,168.35,53.25800000000001,83,63,1.26,NZ,2023-06-12 21:41:50
62,san felipe,10.3399,-68.7425,73.90399999999995,98,100,0.42,VE,2023-06-12 21:45:44
63,ushuaia,-54.8,-68.3,40.92799999999996,75,20,10.8,AR,2023-06-12 21:39:26
64,ilulissat,69.2167,-51.1,35.88800000000005,75,75,0.0,GL,2023-06-12 21:43:58
65,kharp,66.8014,65.8081,47.75,50,99,2.63,RU,2023-06-12 21:45:45
66,nar'yan-mar,67.6713,53.087,49.58599999999997,56,82,4.16,RU,2023-06-12 21:43:54
67,angaur state,6.906,134.13,81.51799999999999,78,92,4.07,PW,2023-06-12 21:46:58
68,hasaki,35.7333,140.8333,81.55399999999995,85,99,5.43,JP,2023-06-12 21:43:34
69,kodiak,57.79,-152.4072,56.983999999999995,47,20,6.17,US,2023-06-12 21:42:17
70,bilibino,68.0546,166.4372,44.95999999999998,89,100,5.75,RU,2023-06-12 21:45:33
71,beloyarskiy,63.7119,66.6722,49.60399999999996,45,47,2.85,RU,2023-06-12 21:45:46
72,okha,53.5739,142.9478,47.89399999999997,87,97,4.25,RU,2023-06-12 21:52:26
73,margaret river,-33.95,115.0667,61.03399999999999,69,100,7.74,AU,2023-06-12 21:41:49
74,namibe,-15.1961,12.1522,60.69199999999999,79,4,0.99,AO,2023-06-12 21:45:46
75,port-vila,-17.7338,168.3219,76.87400000000002,83,100,3.6,VU,2023-06-12 21:45:46
76,hermanus,-34.4187,19.2345,61.069999999999965,88,100,13.84,ZA,2023-06-12 21:43:58
77,ndioum,16.5129,-14.6471,88.84399999999997,25,86,3.66,SN,2023-06-12 21:45:47
78,glace bay,46.1969,-59.957,53.167999999999985,86,40,1.79,CA,2023-06-12 21:45:47
79,conceicao da barra,-18.5933,-39.7322,72.64399999999998,87,0,2.93,BR,2023-06-12 21:45:47
80,polyarnyy,69.1989,33.4478,50.03599999999997,65,92,6.32,RU,2023-06-12 21:45:47
81,atar,20.5169,-13.0499,84.542,22,66,4.04,MR,2023-06-12 21:45:47
82,selfoss,63.9331,-20.9971,47.11999999999996,81,4,1.83,IS,2023-06-12 21:52:31
83,chillicothe,39.3331,-82.9824,57.77599999999999,67,40,3.09,US,2023-06-12 21:41:13
84,al jawf,29.5,38.75,75.48800000000006,33,0,1.88,SA,2023-06-12 21:44:09
85,grand falls-windsor,48.9332,-55.6649,43.627999999999965,95,80,1.36,CA,2023-06-12 21:41:04
86,'ain el turk,35.7438,-0.7693,68.95399999999995,73,20,4.63,DZ,2023-06-12 21:45:47
87,ipu,-4.3222,-40.7108,72.10399999999996,81,2,0.78,BR,2023-06-12 21:45:48
88,nemuro,43.3236,145.575,53.81600000000001,97,100,5.12,JP,2023-06-12 21:44:02
89,hamilton,39.1834,-84.5333,58.31600000000001,74,20,2.06,US,2023-06-12 21:40:49
90,nikolayevsk-on-amure,53.1406,140.73,63.40999999999998,57,67,3.72,RU,2023-06-12 21:47:50
91,sattahip,12.6664,100.9007,90.24800000000002,74,40,5.14,TH,2023-06-12 21:45:48
92,el calafate,-50.3408,-72.2768,32.791999999999994,70,100,1.34,AR,2023-06-12 21:47:01
93,abatskoye,56.2875,70.4555,55.07599999999999,55,85,3.06,RU,2023-06-12 21:45:48
94,labuan,5.2767,115.2417,88.43000000000004,74,40,1.54,MY,2023-06-12 21:45:48
95,georgetown,5.4112,100.3354,87.99800000000002,79,20,3.09,MY,2023-06-12 21:44:16
96,blackmans bay,-43.0167,147.3167,55.00399999999995,76,100,3.92,AU,2023-06-12 21:41:41
97,axim,4.8699,-2.2405,77.108,71,84,2.52,GH,2023-06-12 21:52:36
98,kajansi,0.2081,32.5222,63.158,86,100,1.57,UG,2023-06-12 21:45:49
99,taroa,8.7058,171.2275,83.28200000000001,79,63,8.37,MH,2023-06-12 21:43:08
100,livingston,55.9029,-3.5226,57.398000000000025,98,100,4.63,GB,2023-06-12 21:48:16
101,isafjordur,66.0755,-23.124,45.95,81,68,2.96,IS,2023-06-12 21:45:25
102,san andres,12.5847,-81.7006,84.48800000000006,84,20,4.63,CO,2023-06-12 21:45:27
103,great bend,38.3645,-98.7648,70.19600000000005,59,75,1.54,US,2023-06-12 21:45:49
104,iwanai,42.9744,140.5089,71.24000000000002,77,95,1.44,JP,2023-06-12 21:45:49
105,nagqu,31.5,92.0,49.13599999999997,55,98,3.51,CN,2023-06-12 21:45:44
106,bardai,11.65,7.2333,72.66199999999995,85,63,2.55,NG,2023-06-12 21:45:50
107,punta arenas,-53.15,-70.9167,43.17799999999996,70,20,6.17,CL,2023-06-12 21:43:57
108,longyearbyen,78.2186,15.6401,37.508,75,75,5.14,SJ,2023-06-12 21:45:50
109,srivardhan,18.0333,73.0167,83.80399999999995,80,36,8.28,IN,2023-06-12 21:45:50
110,zhangye,38.9342,100.4517,86.99000000000002,11,0,6.14,CN,2023-06-12 21:52:37
111,warrnambool,-38.3833,142.4833,55.742,74,100,7.99,AU,2023-06-12 21:44:57
112,gaigeturi,33.4644,126.3183,71.924,88,75,2.06,KR,2023-06-12 21:47:03
113,enewetak,11.3474,162.3373,82.59800000000003,81,99,8.62,MH,2023-06-12 21:41:15
114,mejit,10.2753,170.8646,82.54399999999998,80,86,9.03,MH,2023-06-12 21:45:51
115,dudinka,69.4058,86.1778,53.150000000000006,56,64,2.98,RU,2023-06-12 21:44:31
116,hawaiian paradise park,19.5933,-154.9731,83.984,70,0,0.45,US,2023-06-12 21:45:34
117,zhanaozen,43.3,52.8,82.41799999999998,15,4,5.46,KZ,2023-06-12 21:47:03
118,dunedin,-45.8742,170.5036,55.07599999999999,64,60,1.79,NZ,2023-06-12 21:45:51
119,carnarvon,-24.8667,113.6333,66.70399999999995,31,0,6.83,AU,2023-06-12 21:44:51
120,howrah,22.5892,88.3103,88.06999999999996,84,40,2.57,IN,2023-06-12 21:45:47
121,atafu village,-8.5421,-172.5159,83.89399999999998,75,33,6.83,TK,2023-06-12 21:44:25
122,aasiaat,68.7098,-52.8699,27.608000000000004,86,44,2.1,GL,2023-06-12 21:44:19
123,ukiah,39.1502,-123.2078,72.91400000000004,81,69,1.55,US,2023-06-12 21:45:51
124,keflavik,64.0049,-22.5624,47.13800000000005,87,0,1.54,IS,2023-06-12 21:41:41
125,abong mbang,3.9833,13.1833,66.38000000000005,99,99,1.21,CM,2023-06-12 21:45:52
126,college,64.8569,-147.8028,63.193999999999974,42,75,7.72,US,2023-06-12 21:43:59
127,essaouira,31.5125,-9.77,69.566,88,32,4.12,MA,2023-06-12 21:45:52
128,lata,40.1629,-8.3327,65.33599999999997,98,99,1.72,PT,2023-06-12 21:45:52
129,dagda,56.0951,27.5372,49.31600000000001,75,30,2.01,LV,2023-06-12 21:45:52
130,priozersk,61.0393,30.1291,55.219999999999956,56,9,3.3,RU,2023-06-12 21:45:52
131,tazovsky,67.4667,78.7,34.17799999999996,91,100,7.98,RU,2023-06-12 21:45:35
132,el porvenir,13.7617,-87.3458,82.00399999999996,93,98,2.12,HN,2023-06-12 21:45:52
133,klyuchi,52.2667,79.1667,66.59600000000006,54,18,4.38,RU,2023-06-12 21:45:26
134,vadso,70.0744,29.7487,49.351999999999975,66,0,7.2,NO,2023-06-12 21:52:40
135,narvik,68.4384,17.4272,46.65199999999997,81,100,4.44,NO,2023-06-12 21:47:05
136,arecibo,18.4724,-66.7157,83.53399999999999,87,5,0.45,PR,2023-06-12 21:45:53
137,labytnangi,66.6572,66.4183,48.72200000000004,46,98,4.02,RU,2023-06-12 21:45:53
138,utrik,11.2278,169.8474,82.25600000000003,80,48,7.99,MH,2023-06-12 21:41:53
139,colonia,50.9333,6.95,65.11999999999996,57,0,2.57,DE,2023-06-12 21:47:54
140,urumqi,43.801,87.6005,76.424,44,0,2.0,CN,2023-06-12 21:45:53
141,belen,36.4891,36.2233,63.01400000000004,78,40,4.12,TR,2023-06-12 21:45:53
142,prainha,-1.8,-53.48,73.85,97,48,1.42,BR,2023-06-12 21:45:53
143,porbandar,21.6422,69.6093,84.41600000000001,83,100,14.84,IN,2023-06-12 21:52:41
144,smolensk,55.0,33.0,47.67799999999996,80,94,2.54,RU,2023-06-12 21:45:54
145,taltal,-25.4,-70.4833,55.400000000000006,79,0,0.48,CL,2023-06-12 21:45:39
146,whistler,50.1164,-122.9695,71.25800000000001,51,80,1.9,CA,2023-06-12 21:45:54
147,smara,26.7384,-11.6719,68.77400000000002,84,15,4.98,EH,2023-06-12 21:45:54
148,port mathurin,-19.6833,63.4167,76.78399999999999,73,9,6.85,MU,2023-06-12 21:42:45
149,arraial do cabo,-22.9661,-42.0278,71.52799999999996,91,2,3.23,BR,2023-06-12 21:44:32
150,kamina,-8.7386,24.9906,62.851999999999975,55,78,1.1,CD,2023-06-12 21:52:42
151,hacienda huancane,-15.8222,-70.8856,32.45,40,54,1.5,PE,2023-06-12 21:45:54
152,afaahiti,-17.75,-149.2833,82.54399999999998,70,28,8.01,PF,2023-06-12 21:44:35
153,mildura,-34.2,142.15,59.342,70,17,9.9,AU,2023-06-12 21:45:55
154,nova sintra,14.8667,-24.7167,70.34000000000003,85,100,10.33,CV,2023-06-12 21:44:57
155,olonkinbyen,70.9221,-8.7187,35.15,90,100,8.97,SJ,2023-06-12 21:44:21
156,eslov,55.8393,13.3039,53.096000000000046,74,0,3.19,SE,2023-06-12 21:45:55
157,al qusayr,34.5091,36.5798,64.56199999999995,79,8,0.69,SY,2023-06-12 21:52:43
158,sechura,-5.5569,-80.8222,73.77799999999996,73,0,7.19,PE,2023-06-12 21:47:34
159,shingu,33.7333,135.9833,83.24600000000005,61,100,0.93,JP,2023-06-12 21:45:55
160,lebu,-37.6167,-73.65,46.30999999999998,70,0,6.13,CL,2023-06-12 21:44:12
161,uturoa,-16.7333,-151.4333,81.21199999999996,73,21,7.05,PF,2023-06-12 21:44:16
162,pontian kechil,1.4866,103.3896,87.27799999999996,84,98,4.98,MY,2023-06-12 21:45:56
163,anloga,5.7947,0.8973,79.15999999999998,71,98,5.41,GH,2023-06-12 21:45:56
164,'ain el hadjar,34.7585,0.1453,60.403999999999954,51,23,2.5,DZ,2023-06-12 21:45:56
165,kudat,6.8837,116.8477,89.79800000000003,70,20,2.06,MY,2023-06-12 21:45:56
166,wanxian,30.8039,108.3897,84.12799999999996,63,61,0.77,CN,2023-06-12 21:45:56
167,barra do corda,-5.5,-45.25,73.61600000000001,76,0,0.5,BR,2023-06-12 21:45:56
168,misratah,32.3754,15.0925,71.45600000000003,76,0,2.07,LY,2023-06-12 21:52:44
169,ar rahad,12.7167,30.65,84.03800000000004,55,60,3.03,SD,2023-06-12 21:45:57
170,sitia,35.2,26.0986,72.24800000000002,82,12,3.06,GR,2023-06-12 21:45:57
171,monrovia,6.3005,-10.7969,77.03599999999997,81,100,4.76,LR,2023-06-12 21:45:57
172,ca mau,9.1769,105.15,91.292,55,94,3.72,VN,2023-06-12 21:45:57
173,villa gesell,-37.2639,-56.973,37.32799999999996,79,52,4.89,AR,2023-06-12 21:43:59
174,forster,-32.1667,152.5167,70.53800000000004,50,100,2.78,AU,2023-06-12 21:45:57
175,mount gambier,-37.8333,140.7667,52.46600000000001,84,100,4.77,AU,2023-06-12 21:44:26
176,pundong,-7.9522,110.3486,83.858,71,100,5.0,ID,2023-06-12 21:45:57
177,gaoual,11.75,-13.2,76.118,92,100,1.92,GN,2023-06-12 21:45:58
178,altai,46.3722,96.2583,57.056000000000026,56,82,1.81,MN,2023-06-12 21:52:37
179,ghat,24.9647,10.1728,85.19000000000003,18,1,1.66,LY,2023-06-12 21:52:45
180,mont-de-marsan,44.0,-0.6667,64.14800000000002,76,0,1.54,FR,2023-06-12 21:45:58
181,oranjemund,-28.55,16.4333,54.391999999999996,81,0,1.54,NA,2023-06-12 21:45:58
182,sitka,57.0531,-135.33,53.76199999999996,62,75,6.17,US,2023-06-12 21:47:10
183,luba,3.4568,8.5547,75.36199999999997,82,100,0.83,GQ,2023-06-12 21:45:58
184,tazacorte,28.629,-17.9293,71.042,85,100,3.09,ES,2023-06-12 21:45:43
185,aykhal,66.0,111.5,59.70199999999998,34,11,7.69,RU,2023-06-12 21:44:37
186,aioun,16.6614,-9.6149,88.05199999999998,42,98,7.01,MR,2023-06-12 21:45:58
187,sabang,5.8933,95.3214,84.03800000000004,72,40,7.26,ID,2023-06-12 21:45:59
188,kapsan-up,41.0903,128.2933,62.38399999999999,73,96,0.3,KP,2023-06-12 21:45:59
189,naze,28.3667,129.4833,72.78800000000004,91,100,3.23,JP,2023-06-12 21:52:32
190,taourirt,34.4073,-2.8973,71.56400000000004,52,14,3.42,MA,2023-06-12 21:45:59
191,vilyuchinsk,52.9306,158.4028,73.94000000000003,47,0,1.42,RU,2023-06-12 21:44:48
192,tura,25.5198,90.2201,81.12200000000004,83,7,3.0,IN,2023-06-12 21:45:59
193,ust-nera,64.5667,143.2,46.16600000000001,84,100,3.65,RU,2023-06-12 21:42:43
194,viedma,-40.8135,-62.9967,41.522000000000034,48,7,4.41,AR,2023-06-12 21:52:47
195,malango,-2.9627,119.9001,80.16799999999998,68,77,1.62,ID,2023-06-12 21:45:34
196,howard springs,-12.497,131.047,87.09800000000003,26,100,4.74,AU,2023-06-12 21:44:28
197,uyuni,-20.4597,-66.825,33.961999999999954,29,0,5.28,BO,2023-06-12 21:46:00
198,olinda,-8.0089,-34.8553,80.6,78,75,3.09,BR,2023-06-12 21:44:25
199,kourou,5.1552,-52.6478,77.32400000000001,90,84,2.86,GF,2023-06-12 21:44:45
200,zharkent,44.1628,80.0,85.24399999999997,22,92,2.44,KZ,2023-06-12 21:52:47
201,villarrobledo,39.2699,-2.6012,63.05,50,100,2.96,ES,2023-06-12 21:46:00
202,port macquarie,-31.4333,152.9167,69.35,48,100,2.31,AU,2023-06-12 21:46:00
203,east london,-33.0153,27.9116,62.311999999999955,44,93,9.47,ZA,2023-06-12 21:44:17
204,alakurtti,66.9672,30.3491,54.57200000000004,69,100,4.17,RU,2023-06-12 21:46:00
205,nema,57.5067,50.5011,52.86199999999995,61,5,0.08,RU,2023-06-12 21:44:15
206,antsiranana,-12.2787,49.2917,70.68200000000002,86,3,3.53,MG,2023-06-12 21:44:54
207,sur,22.5667,59.5289,92.31799999999998,46,100,2.43,OM,2023-06-12 21:43:57
208,whitehorse,60.7161,-135.0538,61.84399999999997,23,40,8.75,CA,2023-06-12 21:45:52
209,portland,45.5234,-122.6762,88.10600000000002,45,20,5.14,US,2023-06-12 21:41:10
210,lompoc,34.6391,-120.4579,65.04800000000003,83,0,3.09,US,2023-06-12 21:44:22
211,korla,41.7597,86.1469,91.79600000000005,17,95,2.86,CN,2023-06-12 21:44:37
212,pingdingshan,33.7385,113.3012,87.78200000000001,39,9,2.09,CN,2023-06-12 21:46:01
213,ketchikan,55.3422,-131.6461,63.33800000000005,55,0,4.12,US,2023-06-12 21:45:51
214,udachny,66.4167,112.4,62.725999999999985,31,18,7.11,RU,2023-06-12 21:43:56
215,pemangkat,1.1667,108.9667,86.75600000000003,66,33,0.42,ID,2023-06-12 21:44:40
216,dabai,11.4765,5.2063,74.80399999999995,81,99,2.27,NG,2023-06-12 21:46:02
217,danilovgrad,42.5538,19.1461,68.03599999999997,85,23,3.33,ME,2023-06-12 21:46:02
218,capao da canoa,-29.7456,-50.0097,48.61400000000003,68,98,3.72,BR,2023-06-12 21:46:02
219,peterhead,57.5058,-1.7981,57.72200000000004,96,99,3.14,GB,2023-06-12 21:47:13
220,constantia,44.1833,28.65,54.96799999999999,85,40,6.95,RO,2023-06-12 21:46:02
221,auki,-8.7676,160.7034,84.16400000000004,75,35,1.23,SB,2023-06-12 21:44:32
222,weno,7.4515,151.8468,89.816,70,75,4.12,FM,2023-06-12 21:52:21
223,labrador city,52.9463,-66.9114,44.780000000000044,87,40,0.0,CA,2023-06-12 21:40:09
224,rongelap,11.1635,166.8941,82.66999999999996,80,99,8.19,MH,2023-06-12 21:47:14
225,tarko-sale,64.9225,77.785,45.23000000000004,45,5,10.09,RU,2023-06-12 21:46:01
226,kapuskasing,49.4169,-82.4331,62.86999999999996,82,100,2.06,CA,2023-06-12 21:42:21
227,smithers,54.7804,-127.1743,73.99399999999997,31,40,4.63,CA,2023-06-12 21:45:31
228,errachidia,31.9275,-4.4285,80.924,29,0,6.69,MA,2023-06-12 21:46:03
229,mar del plata,-38.0023,-57.5575,45.35600000000003,90,40,2.68,AR,2023-06-12 21:45:42
230,mastung,29.7994,66.845,77.82799999999997,35,4,1.82,PK,2023-06-12 21:46:03
231,bacacay,13.2934,123.7919,88.96999999999997,64,100,3.36,PH,2023-06-12 21:46:03
232,zav'yalovo,56.7847,53.3776,48.667999999999985,77,2,1.84,RU,2023-06-12 21:46:04
233,aleshtar,33.8633,48.2619,59.306000000000026,32,0,1.72,IR,2023-06-12 21:46:04
234,qaqortoq,60.7167,-46.0333,44.99600000000005,77,100,2.92,GL,2023-06-12 21:44:08
235,sidney,-33.8679,151.2073,68.61199999999997,59,0,8.75,AU,2023-06-12 21:45:19
236,kokopo,-4.352,152.2633,86.99000000000002,63,12,5.16,PG,2023-06-12 21:47:15
237,victoria de durango,24.0333,-104.6667,89.49199999999999,7,75,2.06,MX,2023-06-12 21:46:04
238,hithadhoo,-0.6,73.0833,84.07400000000001,70,69,3.7,MV,2023-06-12 21:42:02
239,rumoi,43.9344,141.6428,63.51799999999999,92,96,1.39,JP,2023-06-12 21:46:04
240,karyes,37.3,22.5,57.469999999999956,87,28,0.69,GR,2023-06-12 21:46:04
241,tralee,52.2704,-9.7026,60.20600000000003,95,91,1.12,IE,2023-06-12 21:47:15
242,saint-pierre,-21.3393,55.4781,71.834,73,0,3.09,RE,2023-06-12 21:45:49
243,kavieng,-2.5744,150.7967,84.52400000000002,77,51,4.36,PG,2023-06-12 21:45:25
244,kattivakkam,13.2167,80.3167,88.15999999999998,74,51,2.59,IN,2023-06-12 21:46:05
245,vernon,50.2581,-119.2691,90.23000000000005,42,34,1.54,CA,2023-06-12 21:47:16
246,heyuan,23.7333,114.6833,92.066,55,32,1.14,CN,2023-06-12 21:46:05
247,aral,40.5156,81.2636,92.22799999999997,15,26,5.85,CN,2023-06-12 21:44:10
248,cozumel,20.5083,-86.9458,85.208,90,40,2.68,MX,2023-06-12 21:46:05
249,hadibu,12.65,54.0333,83.10199999999998,78,100,10.52,YE,2023-06-12 21:46:05
250,new norfolk,-42.7826,147.0587,56.96600000000001,78,94,1.37,AU,2023-06-12 21:45:58
251,rio gallegos,-51.6226,-69.2181,41.32400000000001,65,0,7.2,AR,2023-06-12 21:46:06
252,guerrero negro,27.9769,-114.0611,62.81600000000001,80,53,8.0,MX,2023-06-12 21:50:50
253,oshakati,-17.7833,15.6833,50.288000000000046,19,6,3.1,NA,2023-06-12 21:46:06
254,gloucester,51.8657,-2.2431,63.98599999999997,88,70,2.27,GB,2023-06-12 21:46:06
255,pyt-yakh,60.7499,72.8582,50.32400000000001,45,13,4.58,RU,2023-06-12 21:46:06
256,temryuk,45.2722,37.3811,63.08599999999997,89,100,3.96,RU,2023-06-12 21:46:06
257,itoman,26.1247,127.6694,82.66999999999996,100,75,6.69,JP,2023-06-12 21:44:25
258,malaya vishera,58.8454,32.2222,53.492,66,10,1.69,RU,2023-06-12 21:46:06
259,dalandzadgad,43.5708,104.425,80.49199999999999,17,0,4.6,MN,2023-06-12 21:46:07
260,island harbour,50.724,-1.2758,64.20199999999997,93,59,0.45,GB,2023-06-12 21:46:07
261,geraldton,-28.7667,114.6,63.28399999999999,55,0,6.17,AU,2023-06-12 21:44:26
262,mersa matruh,31.3525,27.2453,70.26799999999999,83,0,0.0,EG,2023-06-12 21:46:07
263,lerwick,60.1545,-1.1494,53.86999999999996,93,100,3.08,GB,2023-06-12 21:47:19
264,sinabang,2.4803,96.3801,85.1,68,25,1.25,ID,2023-06-12 21:44:15
265,loiza,18.4313,-65.8802,83.31799999999998,86,75,3.6,PR,2023-06-12 21:44:47
266,deuchendorf,47.4649,15.3196,53.05999999999998,79,0,1.27,AT,2023-06-12 21:46:07
267,flying fish cove,-10.4217,105.6791,80.54600000000005,83,75,6.69,CX,2023-06-12 21:46:01
268,princeville,45.7668,-61.2985,55.616000000000014,81,0,2.06,CA,2023-06-12 21:46:09
269,susuman,62.7833,148.1667,53.24000000000002,81,100,3.7,RU,2023-06-12 21:47:19
270,canarana,-11.6847,-41.7689,66.39800000000002,75,0,3.19,BR,2023-06-12 21:46:09
271,victoria,22.2855,114.1577,92.69600000000005,76,94,1.79,HK,2023-06-12 21:46:09
272,hobyo,5.3505,48.5268,78.61999999999996,82,55,9.93,SO,2023-06-12 21:46:52
273,haiku-pauwela,20.9219,-156.3051,86.28800000000004,57,0,9.77,US,2023-06-12 21:44:06
274,mairwa,26.2333,84.15,96.33200000000002,42,73,4.38,IN,2023-06-12 21:46:09
275,qamdo,31.1667,97.2333,36.48200000000001,94,100,1.15,CN,2023-06-12 21:52:54
276,nova vicosa,-17.8919,-39.3719,72.30199999999998,89,0,3.71,BR,2023-06-12 21:44:15
277,idri,27.5,13.2667,78.476,33,0,3.95,LY,2023-06-12 21:46:10
278,horta,38.5333,-28.6333,66.29000000000002,97,21,0.45,PT,2023-06-12 21:44:51
279,khandyga,62.6667,135.6,50.07200000000004,77,100,3.43,RU,2023-06-12 21:45:37
280,iola,37.9245,-95.4,70.12400000000002,77,0,0.0,US,2023-06-12 21:46:10
281,fale old settlement,-9.3852,-171.2468,83.48000000000005,78,11,6.64,TK,2023-06-12 21:46:10
282,mili,6.0815,171.735,83.11999999999996,80,100,7.68,MH,2023-06-12 21:45:48
283,kone,-21.0595,164.8658,77.46799999999999,52,17,2.89,NC,2023-06-12 21:44:03
284,phan rang-thap cham,11.5667,108.9833,92.96600000000001,47,99,3.27,VN,2023-06-12 21:46:10
285,northam,51.0333,-4.2167,59.935999999999964,96,24,0.45,GB,2023-06-12 21:44:30
286,byumba,-1.5763,30.0675,59.46799999999999,87,100,1.1,RW,2023-06-12 21:46:11
287,babol,36.5513,52.679,78.44000000000003,68,0,0.66,IR,2023-06-12 21:46:11
288,le port,-20.9373,55.2919,72.15800000000002,90,8,3.7,RE,2023-06-12 21:41:15
289,taulaga,-11.0553,-171.0883,83.39000000000001,77,11,7.05,AS,2023-06-12 21:47:21
290,vila velha,-20.3297,-40.2925,75.41600000000001,88,20,4.12,BR,2023-06-12 21:45:46
291,ola,59.5833,151.2833,66.41600000000001,90,87,5.0,RU,2023-06-12 21:44:25
292,anadyr,64.75,177.4833,63.37400000000001,48,0,3.0,RU,2023-06-12 21:45:40
293,vylkove,45.4021,29.586,57.542,82,69,6.17,UA,2023-06-12 21:46:12
294,carutapera,-1.195,-46.02,76.45999999999998,93,65,2.91,BR,2023-06-12 21:47:22
295,dzhambeyty,50.2536,52.595,69.54800000000003,52,96,8.55,KZ,2023-06-12 21:41:20
296,cariamanga,-4.3333,-79.55,57.056000000000026,93,19,1.8,EC,2023-06-12 21:46:12
297,dong ha,16.8163,107.1003,88.592,57,99,6.2,VN,2023-06-12 21:46:12
298,chemolgan,43.1897,76.5292,67.92799999999997,43,98,1.71,KZ,2023-06-12 21:46:12
299,severo-yeniseyskiy,60.3725,93.0408,49.80199999999998,70,99,2.84,RU,2023-06-12 21:46:12
300,prince george,53.9166,-122.753,80.31199999999995,31,40,2.57,CA,2023-06-12 21:46:12
301,puerto aysen,-45.4,-72.7,34.46600000000001,98,100,1.39,CL,2023-06-12 21:45:53
302,kayes,14.0,-11.0,86.35999999999999,49,100,3.89,ML,2023-06-12 21:46:13
303,lospalos,-8.5186,127.0025,78.74600000000005,63,90,5.53,TL,2023-06-12 21:44:47
304,champerico,14.3,-91.9167,84.308,78,100,2.32,GT,2023-06-12 21:45:48
305,nantucket,41.2835,-70.0995,66.52400000000002,100,100,5.66,US,2023-06-12 21:45:34
306,tsiombe,-25.3,45.4833,62.33000000000004,95,10,3.49,MG,2023-06-12 21:52:58
307,pisco,-13.7,-76.2167,68.32400000000001,77,2,3.09,PE,2023-06-12 21:41:43
308,mahanoro,-19.9,48.8,67.04600000000005,91,5,1.86,MG,2023-06-12 21:46:13
309,qarqaraly,49.4058,75.4742,68.82799999999997,42,18,3.62,KZ,2023-06-12 21:52:58
310,acarau,-2.8856,-40.12,77.19800000000004,86,0,4.82,BR,2023-06-12 21:46:14
311,cangzhou,38.3167,116.8667,86.70199999999997,25,12,4.76,CN,2023-06-12 21:46:14
312,ancud,-41.8697,-73.8203,40.40600000000003,90,61,2.61,CL,2023-06-12 21:42:20
313,port lincoln,-34.7333,135.8667,56.714000000000034,61,95,9.7,AU,2023-06-12 21:45:43
314,broken hill,-31.95,141.4333,58.49600000000005,48,0,8.93,AU,2023-06-12 21:52:59
315,menzelinsk,55.7271,53.1026,51.22400000000002,58,0,4.35,RU,2023-06-12 21:46:14
316,ashland,40.8167,-82.2665,58.424000000000014,87,89,3.2,US,2023-06-12 21:46:14
317,west mackay,-21.1481,149.1605,79.89800000000002,68,2,2.63,AU,2023-06-12 21:46:14
318,riedering,47.8333,12.2,54.40999999999998,91,0,1.43,DE,2023-06-12 21:46:15
319,puerto baquerizo moreno,-0.9,-89.6,78.90800000000002,82,25,5.27,EC,2023-06-12 21:44:24
320,whakatane,-37.9585,176.9854,62.780000000000044,55,4,2.68,NZ,2023-06-12 21:42:52
321,nakuru,-0.2833,36.0667,55.49000000000002,85,10,1.3,KE,2023-06-12 21:46:15
322,bereznik,62.8551,42.7072,60.98000000000005,57,91,3.74,RU,2023-06-12 21:46:15
323,mahina,-17.5065,-149.489,84.23599999999996,61,40,2.57,PF,2023-06-12 21:46:15
324,chitipa,-9.7024,33.2697,56.08399999999999,89,68,1.27,MW,2023-06-12 21:46:15
325,ailuk,10.2197,169.9797,82.66999999999996,80,99,9.22,MH,2023-06-12 21:44:45
326,kingston,17.997,-76.7936,83.62400000000002,78,20,6.69,JM,2023-06-12 21:45:35
327,jalesar,27.4833,78.3167,102.542,22,0,6.11,IN,2023-06-12 21:46:16
328,hami,42.8,93.45,92.73200000000003,15,76,3.45,CN,2023-06-12 21:46:16
329,neiafu,-18.65,-173.9833,76.15399999999995,83,75,3.09,TO,2023-06-12 21:46:16
330,ciudad acuna,29.3232,-100.9522,93.75800000000001,59,0,2.57,MX,2023-06-12 21:45:20
331,bandar lampung,-5.4254,105.258,83.03000000000004,78,51,2.04,ID,2023-06-12 21:46:16
332,sabha,27.0377,14.4283,77.99000000000002,38,0,4.63,LY,2023-06-12 21:46:16
333,huntsville,34.7304,-86.5861,68.14399999999998,83,100,2.06,US,2023-06-12 21:49:00
334,gilmer,32.7287,-94.9424,78.25999999999999,73,0,1.54,US,2023-06-12 21:46:17
335,thief river falls,48.1191,-96.1812,71.79800000000003,49,0,2.57,US,2023-06-12 21:46:17
336,belyy yar,53.6039,91.3903,66.36199999999997,63,0,3.0,RU,2023-06-12 21:44:26
337,paita,-5.0892,-81.1144,73.52599999999998,78,1,7.2,PE,2023-06-12 21:46:17
338,acirli,37.4573,41.2969,70.73599999999996,46,36,1.73,TR,2023-06-12 21:46:17
339,chonchi,-42.6128,-73.8092,38.67799999999996,95,32,0.79,CL,2023-06-12 21:42:13
340,bhimunipatnam,17.8833,83.4333,91.184,53,38,4.16,IN,2023-06-12 21:46:17
341,chanika,-5.4167,38.0167,62.67200000000004,97,51,0.78,TZ,2023-06-12 21:46:18
342,wynyard,-41.0,145.7167,55.25600000000003,91,100,5.72,AU,2023-06-12 21:41:41
343,jiuquan,39.7432,98.5174,87.54800000000003,12,0,8.28,CN,2023-06-12 21:53:02
344,praya,14.9215,-23.5087,77.80999999999997,73,0,5.14,CV,2023-06-12 21:44:33
345,jurmala,56.968,23.7704,55.25600000000003,87,0,0.51,LV,2023-06-12 21:46:18
346,calca,-13.3333,-71.95,47.82200000000004,89,36,2.4,PE,2023-06-12 21:46:18
347,cannonvale,-20.2833,148.7,73.058,69,10,3.85,AU,2023-06-12 21:47:27
348,coahuayana de hidalgo,18.7,-103.6583,77.45,82,11,0.83,MX,2023-06-12 21:44:26
349,hrubieszow,50.805,23.8925,48.596000000000046,96,100,1.93,PL,2023-06-12 21:46:18
350,bosaso,11.2842,49.1816,92.066,45,100,7.27,SO,2023-06-12 21:47:28
351,mugia,43.1041,-9.2179,63.42799999999997,95,100,1.82,ES,2023-06-12 21:53:03
352,loboc,9.6383,124.0348,87.49399999999997,67,88,2.53,PH,2023-06-12 21:47:28
353,noumea,-22.2763,166.4572,77.25199999999998,99,3,7.25,NC,2023-06-12 21:47:28
354,nuuk,64.1835,-51.7216,32.88200000000002,100,100,2.06,GL,2023-06-12 21:46:08
355,yeppoon,-23.1333,150.7333,77.05399999999995,68,6,3.18,AU,2023-06-12 21:46:47
356,san antonio de pale,-1.4014,5.6325,76.06400000000004,88,99,3.01,GQ,2023-06-12 21:45:34
357,wajir,1.7471,40.0573,72.66199999999995,79,4,4.83,KE,2023-06-12 21:47:28
358,altay,47.8667,88.1167,72.98599999999996,33,12,1.86,CN,2023-06-12 21:47:28
359,codrington,-38.2667,141.9667,56.26400000000004,69,96,7.06,AU,2023-06-12 21:44:40
360,macau,22.2006,113.5461,97.12400000000001,79,40,3.09,MO,2023-06-12 21:47:29
361,kiunga,-6.1219,141.2906,80.20399999999995,91,94,1.56,PG,2023-06-12 21:47:29
362,kendari,-3.945,122.4989,76.55000000000001,94,100,1.48,ID,2023-06-12 21:46:41
363,tolanaro,-25.0319,46.9987,62.94199999999999,94,20,0.0,MG,2023-06-12 21:44:49
364,plastun,44.7561,136.2939,58.44199999999999,82,97,2.53,RU,2023-06-12 21:47:29
365,la'ie,21.6477,-157.9253,88.03399999999999,70,0,1.79,US,2023-06-12 21:44:27
366,kenema,7.8767,-11.1875,71.90600000000003,99,100,0.37,SL,2023-06-12 21:47:29
367,yauya,-8.9833,-77.3,48.83000000000004,85,49,2.19,PE,2023-06-12 21:47:29
368,merritt island,28.5392,-80.672,84.46999999999997,77,40,5.81,US,2023-06-12 21:47:30
369,soller,39.7662,2.7152,70.12400000000002,77,62,1.57,ES,2023-06-12 21:47:28
370,ingeniero guillermo n. juarez,-23.9,-61.85,50.80999999999998,35,100,4.51,AR,2023-06-12 21:47:30
371,novocherkassk,47.4181,40.0939,63.319999999999965,77,0,2.0,RU,2023-06-12 21:47:30
372,quepos,9.4236,-84.1652,80.67200000000004,86,93,0.54,CR,2023-06-12 21:47:30
373,kalemie,-5.9475,29.1947,72.62599999999999,70,100,0.83,CD,2023-06-12 21:47:30
374,wau,7.7029,27.9953,73.4,80,98,1.91,SS,2023-06-12 21:53:05
375,mahibadhoo,3.7833,72.9667,84.29000000000002,76,91,7.22,MV,2023-06-12 21:47:30
376,likiep,9.8251,169.3107,83.15600000000003,80,89,8.84,MH,2023-06-12 21:47:30
377,igarka,67.4667,86.5833,49.83800000000005,68,62,6.68,RU,2023-06-12 21:53:05
378,atakpame,7.5333,1.1333,69.584,85,88,1.33,TG,2023-06-12 21:47:31
379,coquimbo,-29.9533,-71.3436,51.8,81,100,1.54,CL,2023-06-12 21:48:18
380,tabou,4.423,-7.3528,77.71999999999997,76,90,3.37,CI,2023-06-12 21:47:07
381,karkira,36.9292,6.5856,71.16799999999998,78,100,1.85,DZ,2023-06-12 21:44:14
382,castelo do piaui,-5.3222,-41.5525,74.066,68,0,1.81,BR,2023-06-12 21:47:31
383,hammerfest,70.6634,23.6821,41.719999999999956,81,100,8.23,NO,2023-06-12 21:45:36
384,radnevo,42.3,25.9333,59.73800000000004,94,42,1.13,BG,2023-06-12 21:47:31
385,manta,-0.95,-80.7333,80.27599999999998,89,75,8.05,EC,2023-06-12 21:53:06
386,grootfontein,-19.5667,18.1167,40.838000000000044,48,0,1.54,NA,2023-06-12 21:47:32
387,la passe,45.5549,-0.8967,64.90399999999995,92,100,2.86,FR,2023-06-12 21:43:24
388,dykan'ka,49.825,34.5279,52.26799999999999,87,100,4.19,UA,2023-06-12 21:47:32
389,vorkuta,67.5,64.0,47.174000000000014,53,100,5.66,RU,2023-06-12 21:52:46
390,bantogon,6.5333,124.0333,85.17200000000004,68,64,2.34,PH,2023-06-12 21:47:32
391,cabo san lucas,22.8909,-109.9124,86.576,39,0,2.57,MX,2023-06-12 21:43:04
392,novyy urengoy,66.0833,76.6333,42.83599999999997,50,2,9.06,RU,2023-06-12 21:46:20
393,palikir - national government center,6.9248,158.1611,88.91600000000001,74,100,4.12,FM,2023-06-12 21:46:00
394,lyepyel',54.8814,28.6932,49.424000000000014,80,100,2.24,BY,2023-06-12 21:47:32
395,ciudad lazaro cardenas,17.9583,-102.2,81.06799999999998,78,1,3.37,MX,2023-06-12 21:53:07
396,tchibanga,-2.85,11.0333,70.26799999999999,98,94,0.67,GA,2023-06-12 21:47:33
397,fort mcmurray,56.7268,-111.381,67.85600000000002,55,0,1.54,CA,2023-06-12 21:45:17
398,boyolangu,-8.1181,111.8935,82.09399999999997,72,99,4.14,ID,2023-06-12 21:46:10
399,ibotirama,-12.1853,-43.2206,70.46600000000001,52,0,0.9,BR,2023-06-12 21:47:33
400,abashiri,44.0213,144.2697,70.358,64,75,8.75,JP,2023-06-12 21:45:06
401,garoowe,8.4054,48.4845,75.90199999999999,68,56,11.78,SO,2023-06-12 21:47:33
402,la sarre,48.8002,-79.1996,59.32400000000001,87,100,2.77,CA,2023-06-12 21:47:33
403,kinkala,-4.3614,14.7644,68.50399999999996,95,34,1.29,CG,2023-06-12 21:47:33
404,fabero,42.7738,-6.6182,54.28399999999999,96,86,0.85,ES,2023-06-12 21:47:33
405,hilo,19.7297,-155.09,81.21199999999996,76,67,3.58,US,2023-06-12 21:45:42
406,alice town,25.7167,-79.3,83.22799999999997,75,100,4.46,BS,2023-06-12 21:47:34
407,klaksvik,62.2266,-6.589,43.98800000000004,70,99,0.88,FO,2023-06-12 21:47:34
408,port hedland,-20.3167,118.5667,77.32400000000001,20,10,9.26,AU,2023-06-12 21:47:34
409,inari,68.906,27.0288,52.26799999999999,64,44,4.42,FI,2023-06-12 21:44:42
410,maceio,-9.6658,-35.7353,74.91199999999995,100,75,2.57,BR,2023-06-12 21:47:00
411,tarnogskiy gorodok,60.4997,43.5761,55.75999999999998,67,76,2.26,RU,2023-06-12 21:52:44
412,'ali sabieh,11.1558,42.7125,89.99600000000005,43,100,3.2,DJ,2023-06-12 21:47:34
413,achinsk,56.2694,90.4993,56.983999999999995,80,100,2.64,RU,2023-06-12 21:47:35
414,badger,64.8,-147.5333,63.12200000000004,43,100,7.72,US,2023-06-12 21:43:59
415,teapa,17.55,-92.95,87.83599999999997,72,13,0.29,MX,2023-06-12 21:47:35
416,bel ombre,-4.6167,55.4167,80.708,74,40,5.66,SC,2023-06-12 21:47:35
417,pariaman,-0.619,100.12,86.32400000000001,67,67,0.7,ID,2023-06-12 21:43:55
418,byron bay,-28.65,153.6167,74.984,64,5,3.77,AU,2023-06-12 21:49:04
419,palmer,42.1584,-72.3287,68.12599999999999,85,100,1.54,US,2023-06-12 21:44:21
420,vuktyl,63.8567,57.3094,51.00800000000001,80,100,3.45,RU,2023-06-12 21:46:03
421,tshikapa,-6.4167,20.8,71.54600000000005,81,92,1.0,CD,2023-06-12 21:47:35
422,barcelos,41.5388,-8.6151,66.61400000000003,89,97,1.25,PT,2023-06-12 21:47:36
423,illizi,26.4833,8.4667,87.87200000000004,17,0,4.72,DZ,2023-06-12 21:53:10
424,saeby,57.3319,10.5225,53.79800000000003,73,100,3.06,DK,2023-06-12 21:47:36
425,mitchell,43.7094,-98.0298,70.05199999999998,54,0,2.06,US,2023-06-12 21:42:37
426,illela,13.7292,5.2975,84.50600000000003,61,75,4.21,NG,2023-06-12 21:45:48
427,hotan,37.0997,79.9269,90.30199999999998,14,99,1.17,CN,2023-06-12 21:42:59
428,ain oussera,35.4514,2.9058,69.27799999999996,75,88,2.88,DZ,2023-06-12 21:46:02
429,fisterra,42.9049,-9.2629,63.28399999999999,93,94,3.47,ES,2023-06-12 21:47:36
430,ad dilam,23.9915,47.1627,95.684,18,9,0.48,SA,2023-06-12 21:47:37
431,christchurch,-43.5333,172.6333,54.59000000000002,77,75,2.57,NZ,2023-06-12 21:44:49
432,tidjikja,18.5564,-11.4271,87.04399999999998,20,98,5.06,MR,2023-06-12 21:44:18
433,taksimo,56.3444,114.8794,62.20399999999995,37,55,1.85,RU,2023-06-12 21:47:37
434,inongo,-1.95,18.2667,69.94399999999997,95,100,1.92,CD,2023-06-12 21:47:37
435,porto novo,6.4965,2.6036,80.69000000000003,82,100,2.57,BJ,2023-06-12 21:47:37
436,maua,-23.6678,-46.4614,64.47200000000004,90,100,3.0,BR,2023-06-12 21:47:37
437,nhamunda,-2.1861,-56.7131,76.96400000000003,90,84,1.23,BR,2023-06-12 21:47:37
438,inhambane,-23.865,35.3833,66.50600000000003,89,66,2.33,MZ,2023-06-12 21:53:11
439,tinghir,31.5157,-5.5343,74.984,43,0,1.02,MA,2023-06-12 21:47:38
440,charters towers,-20.1,146.2667,79.88000000000005,42,6,2.34,AU,2023-06-12 21:44:28
441,sanaur,30.3025,76.4553,100.88599999999997,23,0,4.59,IN,2023-06-12 21:47:38
442,sovetskaya gavan',48.9723,140.2878,50.522000000000034,95,100,1.57,RU,2023-06-12 21:47:38
443,sanming,26.2486,117.6186,82.30999999999997,76,97,1.08,CN,2023-06-12 21:47:38
444,khovd,48.0056,91.6419,63.42799999999997,36,0,1.62,MN,2023-06-12 21:44:57
445,ad dabbah,18.05,30.95,92.33599999999997,16,75,3.51,SD,2023-06-12 21:47:38
446,salalah,17.0151,54.0924,84.55999999999997,94,75,1.54,OM,2023-06-12 21:47:22
447,quesnel,52.9999,-122.5029,83.174,26,0,2.57,CA,2023-06-12 21:47:39
448,shenjiamen,29.9576,122.298,72.5,92,100,3.62,CN,2023-06-12 21:47:39
449,dalnerechensk,45.9339,133.7225,71.50999999999999,69,87,2.53,RU,2023-06-12 21:47:39
450,marquette,46.5333,-87.6335,48.524000000000015,96,97,2.24,US,2023-06-12 21:44:15
451,dashitou,43.3067,128.5114,69.65600000000003,63,91,2.08,CN,2023-06-12 21:47:39
452,serhiyivka,46.0272,30.3768,59.55800000000001,88,100,8.43,UA,2023-06-12 21:47:39
453,namdrik,5.5994,168.1028,82.36400000000003,81,99,8.01,MH,2023-06-12 21:44:16
454,hanawa,40.1836,140.7872,78.31400000000004,81,65,2.27,JP,2023-06-12 21:47:39
455,melekeok village,7.4957,134.6367,76.02799999999996,94,100,4.12,PW,2023-06-12 21:47:40
456,el dorado,38.7666,-120.5177,66.99199999999999,89,56,1.59,US,2023-06-12 21:47:30
457,buta,2.7858,24.73,68.684,100,75,0.1,CD,2023-06-12 21:47:40
458,arica,-18.475,-70.3042,68.50399999999996,64,100,2.06,CL,2023-06-12 21:49:22
459,selkirk,50.1436,-96.8845,79.142,65,19,2.2,CA,2023-06-12 21:44:29
460,rawai,7.7797,98.3253,88.25,99,70,2.24,TH,2023-06-12 21:47:41
461,duncan,34.5023,-97.9578,66.36199999999997,84,75,4.63,US,2023-06-12 21:47:42
462,lucea,18.451,-78.1736,84.326,76,5,1.77,JM,2023-06-12 21:53:14
463,yaren,-0.5472,166.916,83.65999999999998,75,99,2.88,NR,2023-06-12 21:47:42
464,chhala,23.3,72.7667,87.674,61,56,7.47,IN,2023-06-12 21:47:42
465,lucapa,-8.4192,20.7447,64.74199999999999,42,75,1.15,AO,2023-06-12 21:47:43
466,ouddorp,51.8117,3.9347,70.05199999999998,53,67,5.92,NL,2023-06-12 21:47:43
467,blackwater,-23.5833,148.8833,78.81799999999998,38,3,1.91,AU,2023-06-12 21:47:43
468,bokovskaya,49.229,41.8306,55.52599999999999,86,100,5.76,RU,2023-06-12 21:47:43
469,kavaratti,10.5669,72.642,85.55000000000001,75,96,9.19,IN,2023-06-12 21:52:28
470,abengourou,6.7297,-3.4964,67.45999999999998,98,97,0.94,CI,2023-06-12 21:53:15
471,tobelo,1.7284,128.0095,81.33800000000005,80,100,1.98,ID,2023-06-12 21:53:15
472,al mijlad,11.0333,27.7333,86.576,50,87,2.98,SD,2023-06-12 21:53:15
473,loango,-4.6719,11.8312,73.32799999999997,94,20,1.54,CG,2023-06-12 21:53:06
474,kuta,-8.7233,115.1723,84.41600000000001,74,20,7.2,ID,2023-06-12 21:53:15
475,pizarro,4.9533,-77.366,80.07799999999997,83,84,0.82,CO,2023-06-12 21:53:15
476,lauro muller,-28.3928,-49.3967,48.63200000000002,82,99,1.19,BR,2023-06-12 21:53:15
477,padang,-0.9492,100.3543,86.32400000000001,66,81,1.04,ID,2023-06-12 21:44:05
478,cidreira,-30.1811,-50.2056,48.542,71,83,3.65,BR,2023-06-12 21:45:38
479,iranshahr,27.2025,60.6848,92.01199999999996,29,2,2.06,IR,2023-06-12 21:49:34
480,beroroha,-21.6667,45.1667,56.516000000000005,87,0,0.34,MG,2023-06-12 21:53:16
481,buka,40.8108,69.1986,87.08000000000004,30,100,0.58,UZ,2023-06-12 21:53:16
482,delta,5.5,6.0,74.44399999999997,95,100,1.19,NG,2023-06-12 21:50:06
483,vikulovo,56.8167,70.6107,54.48200000000001,54,8,3.36,RU,2023-06-12 21:53:16
484,saynshand,44.8824,110.1163,82.23800000000006,18,7,2.92,MN,2023-06-12 21:45:54
485,yuzhno-kurilsk,44.0306,145.8556,53.38399999999999,96,100,3.71,RU,2023-06-12 21:52:38
486,sao tome,0.3365,6.7273,77.91799999999998,84,72,3.03,ST,2023-06-12 21:53:17
487,tanjung pandan,-2.75,107.65,86.93599999999998,67,82,4.39,ID,2023-06-12 21:53:17
488,chililabombwe,-12.3648,27.8229,57.50600000000003,58,33,0.98,ZM,2023-06-12 21:53:17
489,chegdomyn,51.1167,133.0167,75.61400000000003,47,52,2.01,RU,2023-06-12 21:49:37
490,ulladulla,-35.35,150.4667,67.13599999999997,42,100,4.25,AU,2023-06-12 21:43:44
491,astaneh-ye ashrafiyeh,37.2596,49.9444,71.79800000000003,73,7,0.78,IR,2023-06-12 21:53:17
492,mbeni,-11.5014,43.3775,71.90600000000003,64,0,2.62,KM,2023-06-12 21:53:17
493,eyl,7.9803,49.8164,79.934,70,71,10.52,SO,2023-06-12 21:44:01
494,guilin,25.2819,110.2864,73.77799999999996,94,100,1.79,CN,2023-06-12 21:53:18
495,wauchope,-31.45,152.7333,71.13200000000002,43,100,1.39,AU,2023-06-12 21:53:18
496,laguna,38.421,-121.4238,77.41400000000004,59,100,5.14,US,2023-06-12 21:52:58
497,nabire,-3.3667,135.4833,84.59600000000006,68,99,1.65,ID,2023-06-12 21:49:17
498,bonito,-21.1211,-56.4819,46.814000000000036,95,100,4.44,BR,2023-06-12 21:53:18
499,fauske,67.2588,15.3918,46.70600000000003,89,100,4.14,NO,2023-06-12 21:46:04
500,thunder bay,48.4001,-89.3168,61.05199999999998,55,75,1.54,CA,2023-06-12 21:46:11
501,usol'ye-sibirskoye,52.7519,103.6453,57.469999999999956,83,100,4.89,RU,2023-06-12 21:53:18
502,kiama,-34.6833,150.8667,71.52799999999996,60,62,2.24,AU,2023-06-12 21:53:19
503,greenville,35.6127,-77.3663,73.83200000000002,98,100,1.54,US,2023-06-12 21:45:30
504,illapel,-31.6308,-71.1653,49.87400000000001,60,0,0.19,CL,2023-06-12 21:53:19
505,bharthana,26.7571,79.2248,103.55,23,0,6.08,IN,2023-06-12 21:53:19
506,novoagansk,61.9449,76.6625,41.88200000000002,73,100,5.12,RU,2023-06-12 21:53:19
507,puerto deseado,-47.7503,-65.8938,39.811999999999955,61,100,4.34,AR,2023-06-12 21:52:51
508,griffith,41.5284,-87.4237,63.319999999999965,61,100,4.63,US,2023-06-12 21:49:41
509,bengkulu,-3.8004,102.2655,83.69600000000005,65,18,1.05,ID,2023-06-12 21:44:09
510,mashhad,36.297,59.6062,77.41400000000004,36,0,3.09,IR,2023-06-12 21:53:19
511,quellon,-43.1167,-73.6167,36.122000000000035,100,75,1.03,CL,2023-06-12 21:45:48
512,alesund,62.4723,6.1549,59.18000000000004,79,100,0.0,NO,2023-06-12 21:53:20
513,bogale,16.2833,95.4,78.09800000000003,94,100,4.42,MM,2023-06-12 21:53:20
514,umm kaddadah,13.6017,26.6876,85.92799999999997,46,53,1.2,SD,2023-06-12 21:52:25
515,saquarema,-22.92,-42.5103,70.32200000000003,93,1,2.17,BR,2023-06-12 21:51:39
516,capinota,-17.7167,-66.2333,62.27599999999999,73,0,1.45,BO,2023-06-12 21:53:10
517,malkerns,-26.5667,31.1833,53.25800000000001,72,0,2.91,SZ,2023-06-12 21:53:20
518,calchaqui,-29.8877,-60.287,42.42200000000004,55,15,2.63,AR,2023-06-12 21:49:22
519,anton lizardo,19.05,-95.9833,87.49399999999997,87,0,4.08,MX,2023-06-12 21:53:20
520,mezhdurechensk,53.6942,88.0603,62.33000000000004,69,85,0.4,RU,2023-06-12 21:53:21
521,patacamaya,-17.2333,-67.9167,40.280000000000044,60,3,2.98,BO,2023-06-12 21:53:21
522,opuwo,-18.0607,13.84,52.016000000000005,17,5,2.36,NA,2023-06-12 21:43:22
523,sakakah,29.9697,40.2064,73.23800000000006,27,0,2.61,SA,2023-06-12 21:52:15
524,nyurba,63.2842,118.3319,60.33200000000002,32,94,3.5,RU,2023-06-12 21:46:06
525,belomorsk,64.5232,34.7668,59.900000000000006,50,90,5.54,RU,2023-06-12 21:52:41
526,yorosso,12.3536,-4.7761,77.63000000000005,76,100,3.59,ML,2023-06-12 21:53:21
527,norilsk,69.3535,88.2027,53.13200000000002,54,67,3.17,RU,2023-06-12 21:53:21
528,kindu,-2.95,25.95,68.9,93,34,0.55,CD,2023-06-12 21:53:21
529,maydolong,11.4992,125.5011,88.89800000000002,63,100,5.01,PH,2023-06-12 21:53:22
530,sisimiut,66.9395,-53.6735,32.377999999999965,88,31,3.26,GL,2023-06-12 21:49:08
531,santiago del estero,-27.7951,-64.2615,52.98800000000004,36,100,1.38,AR,2023-06-12 21:42:33
532,missoula,47.0166,-113.8009,63.067999999999984,78,52,1.5,US,2023-06-12 21:50:23
533,pazarcik,37.4869,37.2996,64.868,87,1,2.87,TR,2023-06-12 21:53:22
534,dawei,14.0833,98.2,82.076,85,100,3.07,MM,2023-06-12 21:44:47
535,banda aceh,5.5577,95.3222,87.20600000000003,60,57,5.04,ID,2023-06-12 21:53:22
536,tagab,34.855,69.6492,80.05999999999997,35,20,1.84,AF,2023-06-12 21:53:22
537,nouadhibou,20.931,-17.0347,70.05199999999998,82,0,8.9,MR,2023-06-12 21:44:08
538,pedernales,18.0384,-71.744,81.80600000000004,62,5,3.28,DO,2023-06-12 21:49:24
539,san matias,-16.3667,-58.4,54.75199999999998,78,100,4.11,BO,2023-06-12 21:53:23
540,tamandare,-8.7597,-35.1047,77.01799999999999,83,15,4.37,BR,2023-06-12 21:44:14
541,santa cruz,-17.8,-63.1667,56.93000000000004,54,100,9.26,BO,2023-06-12 21:53:23
542,tommot,58.9564,126.2925,41.73800000000004,92,100,0.95,RU,2023-06-12 21:44:13
543,i-n-salah,27.1935,2.4607,91.74199999999999,9,0,4.2,DZ,2023-06-12 21:52:41
544,murzzuschlag,47.6,15.6833,50.161999999999956,83,0,0.87,AT,2023-06-12 21:53:23
545,kitimat,54.0524,-128.6534,75.84800000000003,61,81,3.13,CA,2023-06-12 21:49:25
546,wausau,44.9591,-89.6301,55.58000000000004,86,100,5.66,US,2023-06-12 21:53:23
547,unai,-16.3575,-46.9061,74.984,47,90,0.64,BR,2023-06-12 21:53:24
548,meadow lakes,61.6247,-149.6011,52.12400000000001,76,100,2.57,US,2023-06-12 21:53:25
549,tual,-5.6667,132.75,80.834,81,100,8.64,ID,2023-06-12 21:53:12
550,floriano,-6.7669,-43.0225,79.57400000000001,51,71,3.04,BR,2023-06-12 21:53:25
551,ivdel',60.6911,60.4206,56.82200000000004,56,70,3.34,RU,2023-06-12 21:53:25
552,luanda,-8.8368,13.2343,73.66999999999996,83,75,1.03,AO,2023-06-12 21:49:41
553,dryden,49.7833,-92.7503,70.358,43,0,1.54,CA,2023-06-12 21:52:42
554,bela,25.9333,81.9833,105.04399999999997,22,12,5.96,IN,2023-06-12 21:53:26
555,gaspe,48.8334,-64.4819,55.58000000000004,100,0,0.0,CA,2023-06-12 21:53:26
556,jieshi,22.8134,115.8257,84.88399999999999,72,99,2.94,CN,2023-06-12 21:44:44
557,cadillac,44.2519,-85.4012,51.98000000000005,71,100,2.06,US,2023-06-12 21:53:26
558,ambur,12.7833,78.7,86.01799999999999,56,76,6.0,IN,2023-06-12 21:53:26
559,macedo de cavaleiros,41.5382,-6.9611,57.650000000000006,92,12,1.31,PT,2023-06-12 21:53:26
560,ilhabela,-23.7781,-45.3581,70.91600000000001,92,79,4.1,BR,2023-06-12 21:49:50
561,naryn,41.4287,75.9911,64.00399999999996,51,98,1.21,KG,2023-06-12 21:53:27
562,brunico,46.7958,11.9364,57.38000000000004,93,73,0.52,IT,2023-06-12 21:53:27
563,miles city,46.4083,-105.8406,76.44200000000001,38,0,3.09,US,2023-06-12 21:53:27
564,kitzscher,51.1667,12.5667,55.65199999999997,86,1,0.93,DE,2023-06-12 21:53:27
565,medina,24.4686,39.6142,83.10199999999998,23,0,1.54,SA,2023-06-12 21:53:27
566,kolonia town,6.964,158.206,89.97799999999997,74,100,5.14,FM,2023-06-12 21:53:27
567,laojunmiao,39.8333,97.7333,78.51199999999996,15,0,8.97,CN,2023-06-12 21:49:05
568,aripuana,-9.1667,-60.6333,77.73800000000006,77,79,0.35,BR,2023-06-12 21:52:24
569,cruzeiro do sul,-29.5128,-51.9853,43.79000000000002,91,20,1.13,BR,2023-06-12 21:49:35
570,high river,50.5834,-113.8687,78.61999999999996,59,5,2.74,CA,2023-06-12 21:53:05
571,akureyri,65.6835,-18.0878,44.79800000000002,87,0,1.03,IS,2023-06-12 21:44:02
572,walvis bay,-22.9575,14.5053,55.36400000000003,93,0,2.57,NA,2023-06-12 21:44:51
573,kodinsk,58.6881,99.1844,65.13800000000005,41,100,2.7,RU,2023-06-12 21:46:13
574,benjamin constant,-4.3831,-70.0311,77.39600000000004,98,39,0.62,BR,2023-06-12 21:53:16
575,muskogee,35.5834,-95.3336,68.28800000000004,88,0,2.57,US,2023-06-12 21:52:20
576,mamuju,-2.6748,118.8885,84.66799999999998,75,14,2.17,ID,2023-06-12 21:53:28
577,fang,19.9169,99.2145,79.34000000000003,87,100,1.26,TH,2023-06-12 21:53:28
578,kaltan,53.5347,87.2457,56.35399999999996,59,86,1.98,RU,2023-06-12 21:53:28
